category,location,capture_date,relpath,filename,width,height,megapixels,orientation,size_mb,SELECT_yes,draft_title,draft_price_usd
Cityscapes,"Idaho Falls, ID",2026-01-10,Cityscapes/ID-IdahoFalls/dji_fly_20260110_160852_0020_1768087485987_photo.JPG,dji_fly_20260110_160852_0020_1768087485987_photo.JPG,8064,4536,36.6,landscape,23.7,,Idaho Falls Aerial View No. 01,29
Cityscapes,"Idaho Falls, ID",2026-01-10,Cityscapes/ID-IdahoFalls/dji_fly_20260110_161034_0021_1768087484964_photo.JPG,dji_fly_20260110_161034_0021_1768087484964_photo.JPG,8064,4536,36.6,landscape,22.3,,Idaho Falls Aerial View No. 02,29
Cityscapes,"Idaho Falls, ID",2026-01-10,Cityscapes/ID-IdahoFalls/dji_fly_20260110_161236_0022_1768087483949_photo.JPG,dji_fly_20260110_161236_0022_1768087483949_photo.JPG,8064,4536,36.6,landscape,21.2,,Idaho Falls Aerial View No. 03,29
Cityscapes,"Idaho Falls, ID",2026-01-10,Cityscapes/ID-IdahoFalls/dji_fly_20260110_161252_0023_1768087482666_photo.JPG,dji_fly_20260110_161252_0023_1768087482666_photo.JPG,8064,4536,36.6,landscape,22.1,,Idaho Falls Aerial View No. 04,29
Cityscapes,"Idaho Falls, ID",2026-01-10,Cityscapes/ID-IdahoFalls/dji_fly_20260110_161414_0024_1768087481212_photo.JPG,dji_fly_20260110_161414_0024_1768087481212_photo.JPG,8064,4536,36.6,landscape,22.6,,Idaho Falls Aerial View No. 05,29
Cityscapes,"Idaho Falls, ID",2026-01-10,Cityscapes/ID-IdahoFalls/dji_fly_20260110_161604_0025_1768087480021_photo.JPG,dji_fly_20260110_161604_0025_1768087480021_photo.JPG,8064,4536,36.6,landscape,20.3,,Idaho Falls Aerial View No. 06,29
Cityscapes,"Idaho Falls, ID",2026-01-10,Cityscapes/ID-IdahoFalls/dji_fly_20260110_161750_0026_1768087478851_photo.JPG,dji_fly_20260110_161750_0026_1768087478851_photo.JPG,8064,4536,36.6,landscape,21.5,,Idaho Falls Aerial View No. 07,29
Cityscapes,"Idaho Falls, ID",2026-01-10,Cityscapes/ID-IdahoFalls/dji_fly_20260110_161816_0027_1768087477560_photo.JPG,dji_fly_20260110_161816_0027_1768087477560_photo.JPG,8064,4536,36.6,landscape,20.1,,Idaho Falls Aerial View No. 08,29
Cityscapes,"Idaho Falls, ID",2026-01-10,Cityscapes/ID-IdahoFalls/dji_fly_20260110_161950_0028_1768087476185_photo.JPG,dji_fly_20260110_161950_0028_1768087476185_photo.JPG,8064,4536,36.6,landscape,22.3,,Idaho Falls Aerial View No. 09,29
Cityscapes,"Idaho Falls, ID",2026-01-10,Cityscapes/ID-IdahoFalls/dji_fly_20260110_161958_0029_1768087474992_photo.JPG,dji_fly_20260110_161958_0029_1768087474992_photo.JPG,8064,4536,36.6,landscape,22.4,,Idaho Falls Aerial View No. 10,29
Cityscapes,"Pocatello, ID",2025-09-27,Cityscapes/ID-Pocatello_BrooklynsPlayground-20250927/DJI_20250927154005_0045_D.JPG,DJI_20250927154005_0045_D.JPG,8064,4536,36.6,landscape,27.0,,Pocatello Aerial View No. 01,29
Cityscapes,"Pocatello, ID",2025-09-27,Cityscapes/ID-Pocatello_BrooklynsPlayground-20250927/DJI_20250927154114_0046_D.JPG,DJI_20250927154114_0046_D.JPG,8064,4536,36.6,landscape,26.2,,Pocatello Aerial View No. 02,29
Cityscapes,"Pocatello, ID",2025-09-27,Cityscapes/ID-Pocatello_BrooklynsPlayground-20250927/DJI_20250927154128_0047_D.JPG,DJI_20250927154128_0047_D.JPG,8064,4536,36.6,landscape,26.8,,Pocatello Aerial View No. 03,29
Cityscapes,"Pocatello, ID",2025-09-27,Cityscapes/ID-Pocatello_BrooklynsPlayground-20250927/DJI_20250927154214_0048_D.JPG,DJI_20250927154214_0048_D.JPG,8064,4536,36.6,landscape,26.6,,Pocatello Aerial View No. 04,29
Cityscapes,"Pocatello, ID",2025-09-27,Cityscapes/ID-Pocatello_BrooklynsPlayground-20250927/DJI_20250927154251_0049_D.JPG,DJI_20250927154251_0049_D.JPG,8064,4536,36.6,landscape,26.7,,Pocatello Aerial View No. 05,29
Cityscapes,"Pocatello, ID",2025-09-27,Cityscapes/ID-Pocatello_BrooklynsPlayground-20250927/DJI_20250927154330_0050_D.JPG,DJI_20250927154330_0050_D.JPG,8064,4536,36.6,landscape,25.8,,Pocatello Aerial View No. 06,29
Cityscapes,"Pocatello, ID",2025-09-27,Cityscapes/ID-Pocatello_BrooklynsPlayground-20250927/DJI_20250927154341_0051_D.JPG,DJI_20250927154341_0051_D.JPG,8064,4536,36.6,landscape,25.8,,Pocatello Aerial View No. 07,29
Cityscapes,"Pocatello, ID",2025-09-27,Cityscapes/ID-Pocatello_BrooklynsPlayground-20250927/DJI_20250927154441_0052_D.JPG,DJI_20250927154441_0052_D.JPG,8064,4536,36.6,landscape,25.8,,Pocatello Aerial View No. 08,29
Cityscapes,"Pocatello, ID",2025-09-27,Cityscapes/ID-Pocatello_BrooklynsPlayground-20250927/DJI_20250927154519_0053_D.JPG,DJI_20250927154519_0053_D.JPG,8064,4536,36.6,landscape,27.8,,Pocatello Aerial View No. 09,29
Cityscapes,"Pocatello, ID",2025-09-27,Cityscapes/ID-Pocatello_BrooklynsPlayground-20250927/DJI_20250927155327_0055_D.JPG,DJI_20250927155327_0055_D.JPG,8064,4536,36.6,landscape,28.6,,Pocatello Aerial View No. 10,29
Cityscapes,"Pocatello, ID",2025-09-27,Cityscapes/ID-Pocatello_BrooklynsPlayground-20250927/dji_fly_20250927_154006_0045_1759010568902_photo.JPG,dji_fly_20250927_154006_0045_1759010568902_photo.JPG,8064,4536,36.6,landscape,27.0,,Pocatello Aerial View No. 11,29
Cityscapes,"Pocatello, ID",2025-09-27,Cityscapes/ID-Pocatello_BrooklynsPlayground-20250927/dji_fly_20250927_154114_0046_1759010567758_photo.JPG,dji_fly_20250927_154114_0046_1759010567758_photo.JPG,8064,4536,36.6,landscape,26.2,,Pocatello Aerial View No. 12,29
Cityscapes,"Pocatello, ID",2025-09-27,Cityscapes/ID-Pocatello_BrooklynsPlayground-20250927/dji_fly_20250927_154128_0047_1759010566635_photo.JPG,dji_fly_20250927_154128_0047_1759010566635_photo.JPG,8064,4536,36.6,landscape,26.8,,Pocatello Aerial View No. 13,29
Cityscapes,"Pocatello, ID",2025-09-27,Cityscapes/ID-Pocatello_BrooklynsPlayground-20250927/dji_fly_20250927_154214_0048_1759010561153_photo.JPG,dji_fly_20250927_154214_0048_1759010561153_photo.JPG,8064,4536,36.6,landscape,26.6,,Pocatello Aerial View No. 14,29
Cityscapes,"Pocatello, ID",2025-09-27,Cityscapes/ID-Pocatello_BrooklynsPlayground-20250927/dji_fly_20250927_154252_0049_1759010564470_photo.JPG,dji_fly_20250927_154252_0049_1759010564470_photo.JPG,8064,4536,36.6,landscape,26.7,,Pocatello Aerial View No. 15,29
Cityscapes,"Pocatello, ID",2025-09-27,Cityscapes/ID-Pocatello_BrooklynsPlayground-20250927/dji_fly_20250927_154330_0050_1759010565528_photo.JPG,dji_fly_20250927_154330_0050_1759010565528_photo.JPG,8064,4536,36.6,landscape,25.8,,Pocatello Aerial View No. 16,29
Cityscapes,"Pocatello, ID",2025-09-27,Cityscapes/ID-Pocatello_BrooklynsPlayground-20250927/dji_fly_20250927_154340_0051_1759010563257_photo.JPG,dji_fly_20250927_154340_0051_1759010563257_photo.JPG,8064,4536,36.6,landscape,25.8,,Pocatello Aerial View No. 17,29
Cityscapes,"Pocatello, ID",2025-09-27,Cityscapes/ID-Pocatello_BrooklynsPlayground-20250927/dji_fly_20250927_154442_0052_1759010562185_photo.JPG,dji_fly_20250927_154442_0052_1759010562185_photo.JPG,8064,4536,36.6,landscape,25.8,,Pocatello Aerial View No. 18,29
Cityscapes,"Pocatello, ID",2025-09-27,Cityscapes/ID-Pocatello_BrooklynsPlayground-20250927/dji_fly_20250927_154520_0053_1759010560050_photo.JPG,dji_fly_20250927_154520_0053_1759010560050_photo.JPG,8064,4536,36.6,landscape,27.8,,Pocatello Aerial View No. 19,29
Cityscapes,"Pocatello, ID",2025-09-27,Cityscapes/ID-Pocatello_BrooklynsPlayground-20250927/dji_fly_20250927_155326_0055_1759010540920_photo.JPG,dji_fly_20250927_155326_0055_1759010540920_photo.JPG,8064,4536,36.6,landscape,28.6,,Pocatello Aerial View No. 20,29
Cityscapes,"Kaysville, UT",2025-09-01,Cityscapes/UT-Kaysville/DJI_20250901143016_0064_D.JPG,DJI_20250901143016_0064_D.JPG,8064,4536,36.6,landscape,24.3,,Kaysville Aerial View No. 01,29
Cityscapes,"Kaysville, UT",2025-09-01,Cityscapes/UT-Kaysville/DJI_20250901143045_0065_D.JPG,DJI_20250901143045_0065_D.JPG,8064,4536,36.6,landscape,27.2,,Kaysville Aerial View No. 02,29
Cityscapes,"Kaysville, UT",2025-09-01,Cityscapes/UT-Kaysville/DJI_20250901143100_0066_D.JPG,DJI_20250901143100_0066_D.JPG,8064,4536,36.6,landscape,26.6,,Kaysville Aerial View No. 03,29
Cityscapes,"Kaysville, UT",2025-09-01,Cityscapes/UT-Kaysville/DJI_20250901143510_0071_D.JPG,DJI_20250901143510_0071_D.JPG,8064,4536,36.6,landscape,25.8,,Kaysville Aerial View No. 04,29
Cityscapes,"Kaysville, UT",2025-09-01,Cityscapes/UT-Kaysville/DJI_20250901143525_0072_D.JPG,DJI_20250901143525_0072_D.JPG,8064,4536,36.6,landscape,27.1,,Kaysville Aerial View No. 05,29
Cityscapes,"Soda Springs, ID",2025-08-31,Cityscapes/UT-SodaSprings/DJI_20250831200823_0060_D.JPG,DJI_20250831200823_0060_D.JPG,8064,4536,36.6,landscape,20.5,,Soda Springs Aerial View No. 01,29
Cityscapes,"Soda Springs, ID",2025-08-31,Cityscapes/UT-SodaSprings/DJI_20250831200848_0061_D.JPG,DJI_20250831200848_0061_D.JPG,8064,4536,36.6,landscape,21.0,,Soda Springs Aerial View No. 02,29
Cityscapes,"Soda Springs, ID",2025-08-31,Cityscapes/UT-SodaSprings/DJI_20250831200932_0062_D.JPG,DJI_20250831200932_0062_D.JPG,8064,4536,36.6,landscape,25.6,,Soda Springs Aerial View No. 03,29
Cityscapes,"Soda Springs, ID",2025-08-31,Cityscapes/UT-SodaSprings/DJI_20250831200944_0063_D.JPG,DJI_20250831200944_0063_D.JPG,8064,4536,36.6,landscape,24.4,,Soda Springs Aerial View No. 04,29
Mountainscapes,"Palisades Reservoir, ID",2025-09-27,Mountainscapes/Palisades-Idaho_20250927/DJI_20250927072917_0001_D.JPG,DJI_20250927072917_0001_D.JPG,12288,6912,84.9,landscape,38.4,,Palisades Reservoir Mountain Vista No. 01,45
Mountainscapes,"Palisades Reservoir, ID",2025-09-27,Mountainscapes/Palisades-Idaho_20250927/DJI_20250927072934_0002_D.JPG,DJI_20250927072934_0002_D.JPG,12288,6912,84.9,landscape,37.6,,Palisades Reservoir Mountain Vista No. 02,45
Mountainscapes,"Palisades Reservoir, ID",2025-09-27,Mountainscapes/Palisades-Idaho_20250927/DJI_20250927073402_0004_D.JPG,DJI_20250927073402_0004_D.JPG,12288,6912,84.9,landscape,34.0,,Palisades Reservoir Mountain Vista No. 03,45
Mountainscapes,"Palisades Reservoir, ID",2025-09-27,Mountainscapes/Palisades-Idaho_20250927/DJI_20250927073407_0005_D.JPG,DJI_20250927073407_0005_D.JPG,12288,6912,84.9,landscape,35.4,,Palisades Reservoir Mountain Vista No. 04,45
Mountainscapes,"Palisades Reservoir, ID",2025-09-27,Mountainscapes/Palisades-Idaho_20250927/DJI_20250927073439_0006_D.JPG,DJI_20250927073439_0006_D.JPG,12288,6912,84.9,landscape,35.7,,Palisades Reservoir Mountain Vista No. 05,45
Mountainscapes,"Palisades Reservoir, ID",2025-09-27,Mountainscapes/Palisades-Idaho_20250927/DJI_20250927073526_0007_D.JPG,DJI_20250927073526_0007_D.JPG,12288,6912,84.9,landscape,37.2,,Palisades Reservoir Mountain Vista No. 06,45
Mountainscapes,"Palisades Reservoir, ID",2025-09-27,Mountainscapes/Palisades-Idaho_20250927/DJI_20250927075609_0008_D.JPG,DJI_20250927075609_0008_D.JPG,12288,6912,84.9,landscape,43.0,,Palisades Reservoir Mountain Vista No. 07,45
Mountainscapes,"Palisades Reservoir, ID",2025-09-27,Mountainscapes/Palisades-Idaho_20250927/DJI_20250927075633_0009_D.JPG,DJI_20250927075633_0009_D.JPG,8064,6048,48.8,landscape,23.0,,Palisades Reservoir Mountain Vista No. 08,39
Mountainscapes,"Palisades Reservoir, ID",2025-09-27,Mountainscapes/Palisades-Idaho_20250927/DJI_20250927075700_0010_D.JPG,DJI_20250927075700_0010_D.JPG,8192,6144,50.3,landscape,16.5,,Palisades Reservoir Mountain Vista No. 09,39
Mountainscapes,"Palisades Reservoir, ID",2025-09-27,Mountainscapes/Palisades-Idaho_20250927/DJI_20250927075707_0011_D.JPG,DJI_20250927075707_0011_D.JPG,8192,6144,50.3,landscape,16.4,,Palisades Reservoir Mountain Vista No. 10,39
Mountainscapes,"Palisades Reservoir, ID",2025-09-27,Mountainscapes/Palisades-Idaho_20250927/DJI_20250927075716_0012_D.JPG,DJI_20250927075716_0012_D.JPG,8192,6144,50.3,landscape,13.6,,Palisades Reservoir Mountain Vista No. 11,39
Mountainscapes,"Palisades Reservoir, ID",2025-09-27,Mountainscapes/Palisades-Idaho_20250927/DJI_20250927075726_0013_D.JPG,DJI_20250927075726_0013_D.JPG,8192,6144,50.3,landscape,14.0,,Palisades Reservoir Mountain Vista No. 12,39
Mountainscapes,"Palisades Reservoir, ID",2025-09-27,Mountainscapes/Palisades-Idaho_20250927/DJI_20250927075737_0014_D.JPG,DJI_20250927075737_0014_D.JPG,12288,6912,84.9,landscape,33.6,,Palisades Reservoir Mountain Vista No. 13,45
Mountainscapes,"Palisades Reservoir, ID",2025-09-27,Mountainscapes/Palisades-Idaho_20250927/DJI_20250927075759_0015_D.JPG,DJI_20250927075759_0015_D.JPG,12288,6912,84.9,landscape,36.6,,Palisades Reservoir Mountain Vista No. 14,45
Mountainscapes,"Palisades Reservoir, ID",2025-09-27,Mountainscapes/Palisades-Idaho_20250927/DJI_20250927075812_0016_D.JPG,DJI_20250927075812_0016_D.JPG,12288,6912,84.9,landscape,39.4,,Palisades Reservoir Mountain Vista No. 15,45
Mountainscapes,"Palisades Reservoir, ID",2025-09-27,Mountainscapes/Palisades-Idaho_20250927/DJI_20250927090831_0018_D.JPG,DJI_20250927090831_0018_D.JPG,12288,6912,84.9,landscape,37.0,,Palisades Reservoir Mountain Vista No. 16,45
Mountainscapes,"Palisades Reservoir, ID",2025-09-27,Mountainscapes/Palisades-Idaho_20250927/DJI_20250927090909_0019_D.JPG,DJI_20250927090909_0019_D.JPG,8192,6144,50.3,landscape,14.4,,Palisades Reservoir Mountain Vista No. 17,39
Mountainscapes,"Palisades Reservoir, ID",2025-09-27,Mountainscapes/Palisades-Idaho_20250927/DJI_20250927094318_0021_D.JPG,DJI_20250927094318_0021_D.JPG,12288,6912,84.9,landscape,47.1,,Palisades Reservoir Mountain Vista No. 18,45
Mountainscapes,"Palisades Reservoir, ID",2025-09-27,Mountainscapes/Palisades-Idaho_20250927/DJI_20250927094358_0022_D.JPG,DJI_20250927094358_0022_D.JPG,12288,6912,84.9,landscape,46.9,,Palisades Reservoir Mountain Vista No. 19,45
Mountainscapes,"Palisades Reservoir, ID",2025-09-27,Mountainscapes/Palisades-Idaho_20250927/DJI_20250927094432_0023_D.JPG,DJI_20250927094432_0023_D.JPG,12288,6912,84.9,landscape,53.6,,Palisades Reservoir Mountain Vista No. 20,45
Mountainscapes,"Palisades Reservoir, ID",2025-09-27,Mountainscapes/Palisades-Idaho_20250927/DJI_20250927094449_0024_D.JPG,DJI_20250927094449_0024_D.JPG,12288,6912,84.9,landscape,51.4,,Palisades Reservoir Mountain Vista No. 21,45
Mountainscapes,"Palisades Reservoir, ID",2025-09-27,Mountainscapes/Palisades-Idaho_20250927/DJI_20250927094737_0026_D.JPG,DJI_20250927094737_0026_D.JPG,8064,6048,48.8,landscape,21.4,,Palisades Reservoir Mountain Vista No. 22,39
Mountainscapes,"Palisades Reservoir, ID",2025-09-27,Mountainscapes/Palisades-Idaho_20250927/DJI_20250927094757_0027_D.JPG,DJI_20250927094757_0027_D.JPG,8064,6048,48.8,landscape,24.0,,Palisades Reservoir Mountain Vista No. 23,39
Mountainscapes,"Palisades Reservoir, ID",2025-09-27,Mountainscapes/Palisades-Idaho_20250927/DJI_20250927094804_0028_D.JPG,DJI_20250927094804_0028_D.JPG,8064,6048,48.8,landscape,24.0,,Palisades Reservoir Mountain Vista No. 24,39
Mountainscapes,"Palisades Reservoir, ID",2025-09-27,Mountainscapes/Palisades-Idaho_20250927/DJI_20250927094833_0029_D.JPG,DJI_20250927094833_0029_D.JPG,8064,6048,48.8,landscape,23.6,,Palisades Reservoir Mountain Vista No. 25,39
Mountainscapes,"Palisades Reservoir, ID",2025-09-27,Mountainscapes/Palisades-Idaho_20250927/DJI_20250927094905_0030_D.JPG,DJI_20250927094905_0030_D.JPG,8192,6144,50.3,landscape,28.8,,Palisades Reservoir Mountain Vista No. 26,39
Mountainscapes,"Palisades Reservoir, ID",2025-09-27,Mountainscapes/Palisades-Idaho_20250927/DJI_20250927094939_0031_D.JPG,DJI_20250927094939_0031_D.JPG,12288,6912,84.9,landscape,51.8,,Palisades Reservoir Mountain Vista No. 27,45
Mountainscapes,"Palisades Reservoir, ID",2025-09-27,Mountainscapes/Palisades-Idaho_20250927/DJI_20250927095025_0032_D.JPG,DJI_20250927095025_0032_D.JPG,12288,6912,84.9,landscape,38.8,,Palisades Reservoir Mountain Vista No. 28,45
Mountainscapes,"Palisades Reservoir, ID",2025-09-27,Mountainscapes/Palisades-Idaho_20250927/DJI_20250927095208_0033_D.JPG,DJI_20250927095208_0033_D.JPG,8192,6144,50.3,landscape,22.1,,Palisades Reservoir Mountain Vista No. 29,39
Mountainscapes,"Palisades Reservoir, ID",2025-09-27,Mountainscapes/Palisades-Idaho_20250927/DJI_20250927095232_0034_D.JPG,DJI_20250927095232_0034_D.JPG,8064,6048,48.8,landscape,22.1,,Palisades Reservoir Mountain Vista No. 30,39
Mountainscapes,"Palisades Reservoir, ID",2025-09-27,Mountainscapes/Palisades-Idaho_20250927/DJI_20250927100516_0035_D.JPG,DJI_20250927100516_0035_D.JPG,12288,6912,84.9,landscape,35.5,,Palisades Reservoir Mountain Vista No. 31,45
Mountainscapes,"Palisades Reservoir, ID",2025-09-27,Mountainscapes/Palisades-Idaho_20250927/DJI_20250927100527_0036_D.JPG,DJI_20250927100527_0036_D.JPG,12288,6912,84.9,landscape,31.6,,Palisades Reservoir Mountain Vista No. 32,45
Mountainscapes,"Palisades Reservoir, ID",2025-09-27,Mountainscapes/Palisades-Idaho_20250927/DJI_20250927100542_0037_D.JPG,DJI_20250927100542_0037_D.JPG,12288,6912,84.9,landscape,28.8,,Palisades Reservoir Mountain Vista No. 33,45
Mountainscapes,"Palisades Reservoir, ID",2025-09-27,Mountainscapes/Palisades-Idaho_20250927/DJI_20250927100626_0038_D.JPG,DJI_20250927100626_0038_D.JPG,8064,6048,48.8,landscape,28.7,,Palisades Reservoir Mountain Vista No. 34,39
Mountainscapes,"Palisades Reservoir, ID",2025-09-27,Mountainscapes/Palisades-Idaho_20250927/DJI_20250927100638_0039_D.JPG,DJI_20250927100638_0039_D.JPG,8064,6048,48.8,landscape,28.9,,Palisades Reservoir Mountain Vista No. 35,39
Mountainscapes,"Palisades Reservoir, ID",2025-09-27,Mountainscapes/Palisades-Idaho_20250927/DJI_20250927100738_0040_D.JPG,DJI_20250927100738_0040_D.JPG,12288,6912,84.9,landscape,30.6,,Palisades Reservoir Mountain Vista No. 36,45
Mountainscapes,"Palisades Reservoir, ID",2025-09-27,Mountainscapes/Palisades-Idaho_20250927/DJI_20250927101931_0041_D.JPG,DJI_20250927101931_0041_D.JPG,8192,6144,50.3,landscape,21.8,,Palisades Reservoir Mountain Vista No. 37,39
Mountainscapes,"Palisades Reservoir, ID",2025-09-27,Mountainscapes/Palisades-Idaho_20250927/DJI_20250927102109_0042_D.JPG,DJI_20250927102109_0042_D.JPG,12288,6912,84.9,landscape,40.9,,Palisades Reservoir Mountain Vista No. 38,45
Mountainscapes,"Palisades Reservoir, ID",2025-09-27,Mountainscapes/Palisades-Idaho_20250927/DJI_20250927102145_0043_D.JPG,DJI_20250927102145_0043_D.JPG,12288,6912,84.9,landscape,41.6,,Palisades Reservoir Mountain Vista No. 39,45
Mountainscapes,"Palisades Reservoir, ID",2025-09-27,Mountainscapes/Palisades-Idaho_20250927/IMG_5680.JPG,IMG_5680.JPG,12288,6912,84.9,landscape,51.3,,Palisades Reservoir Mountain Vista No. 40,45
Mountainscapes,"Palisades Reservoir, ID",2025-09-27,Mountainscapes/Palisades-Idaho_20250927/IMG_5682.JPG,IMG_5682.JPG,12288,6912,84.9,landscape,36.6,,Palisades Reservoir Mountain Vista No. 41,45
Mountainscapes,"Palisades Reservoir, ID",2025-09-27,Mountainscapes/Palisades-Idaho_20250927/IMG_5684.JPG,IMG_5684.JPG,12288,6912,84.9,landscape,42.9,,Palisades Reservoir Mountain Vista No. 42,45
Mountainscapes,"Palisades Reservoir, ID",2025-09-27,Mountainscapes/Palisades-Idaho_20250927/IMG_5688.JPG,IMG_5688.JPG,8064,6048,48.8,landscape,28.6,,Palisades Reservoir Mountain Vista No. 43,39
Mountainscapes,"Palisades Reservoir, ID",2025-09-27,Mountainscapes/Palisades-Idaho_20250927/IMG_5689.JPG,IMG_5689.JPG,12288,6912,84.9,landscape,51.7,,Palisades Reservoir Mountain Vista No. 44,45
Mountainscapes,"Palisades Reservoir, ID",2025-09-27,Mountainscapes/Palisades-Idaho_20250927/IMG_5691.JPG,IMG_5691.JPG,12288,6912,84.9,landscape,53.5,,Palisades Reservoir Mountain Vista No. 45,45
Mountainscapes,"Palisades Reservoir, ID",2025-09-27,Mountainscapes/Palisades-Idaho_20250927/IMG_5693.JPG,IMG_5693.JPG,12288,6912,84.9,landscape,33.5,,Palisades Reservoir Mountain Vista No. 46,45
Mountainscapes,"Palisades Reservoir, ID",2025-09-27,Mountainscapes/Palisades-Idaho_20250927/dji_fly_20250927_072926_0001_1758997811516_photo.JPG,dji_fly_20250927_072926_0001_1758997811516_photo.JPG,12288,6912,84.9,landscape,14.7,,Palisades Reservoir Mountain Vista No. 47,45
Mountainscapes,"Palisades Reservoir, ID",2025-09-27,Mountainscapes/Palisades-Idaho_20250927/dji_fly_20250927_072942_0002_1758997813230_photo.JPG,dji_fly_20250927_072942_0002_1758997813230_photo.JPG,12288,6912,84.9,landscape,14.6,,Palisades Reservoir Mountain Vista No. 48,45
Mountainscapes,"Palisades Reservoir, ID",2025-09-27,Mountainscapes/Palisades-Idaho_20250927/dji_fly_20250927_073410_0004_1758997803051_photo.JPG,dji_fly_20250927_073410_0004_1758997803051_photo.JPG,12288,6912,84.9,landscape,12.7,,Palisades Reservoir Mountain Vista No. 49,45
Mountainscapes,"Palisades Reservoir, ID",2025-09-27,Mountainscapes/Palisades-Idaho_20250927/dji_fly_20250927_073414_0005_1758997804518_photo.JPG,dji_fly_20250927_073414_0005_1758997804518_photo.JPG,12288,6912,84.9,landscape,13.4,,Palisades Reservoir Mountain Vista No. 50,45
Mountainscapes,"Palisades Reservoir, ID",2025-09-27,Mountainscapes/Palisades-Idaho_20250927/dji_fly_20250927_073442_0006_1758997805937_photo.JPG,dji_fly_20250927_073442_0006_1758997805937_photo.JPG,12288,6912,84.9,landscape,35.7,,Palisades Reservoir Mountain Vista No. 51,45
Mountainscapes,"Palisades Reservoir, ID",2025-09-27,Mountainscapes/Palisades-Idaho_20250927/dji_fly_20250927_073534_0007_1758997808197_photo.JPG,dji_fly_20250927_073534_0007_1758997808197_photo.JPG,12288,6912,84.9,landscape,14.4,,Palisades Reservoir Mountain Vista No. 52,45
Mountainscapes,"Palisades Reservoir, ID",2025-09-27,Mountainscapes/Palisades-Idaho_20250927/dji_fly_20250927_075614_0008_1758997809964_photo.JPG,dji_fly_20250927_075614_0008_1758997809964_photo.JPG,12288,6912,84.9,landscape,43.0,,Palisades Reservoir Mountain Vista No. 53,45
Mountainscapes,"Palisades Reservoir, ID",2025-09-27,Mountainscapes/Palisades-Idaho_20250927/dji_fly_20250927_075634_0009_1758997798799_photo.JPG,dji_fly_20250927_075634_0009_1758997798799_photo.JPG,8064,6048,48.8,landscape,23.0,,Palisades Reservoir Mountain Vista No. 54,39
Mountainscapes,"Palisades Reservoir, ID",2025-09-27,Mountainscapes/Palisades-Idaho_20250927/dji_fly_20250927_075702_0010_1758997799830_photo.JPG,dji_fly_20250927_075702_0010_1758997799830_photo.JPG,8192,6144,50.3,landscape,16.5,,Palisades Reservoir Mountain Vista No. 55,39
Mountainscapes,"Palisades Reservoir, ID",2025-09-27,Mountainscapes/Palisades-Idaho_20250927/dji_fly_20250927_075708_0011_1758997800497_photo.JPG,dji_fly_20250927_075708_0011_1758997800497_photo.JPG,8192,6144,50.3,landscape,16.4,,Palisades Reservoir Mountain Vista No. 56,39
Mountainscapes,"Palisades Reservoir, ID",2025-09-27,Mountainscapes/Palisades-Idaho_20250927/dji_fly_20250927_075718_0012_1758997801074_photo.JPG,dji_fly_20250927_075718_0012_1758997801074_photo.JPG,8192,6144,50.3,landscape,13.6,,Palisades Reservoir Mountain Vista No. 57,39
Mountainscapes,"Palisades Reservoir, ID",2025-09-27,Mountainscapes/Palisades-Idaho_20250927/dji_fly_20250927_075728_0013_1758997801665_photo.JPG,dji_fly_20250927_075728_0013_1758997801665_photo.JPG,8192,6144,50.3,landscape,14.0,,Palisades Reservoir Mountain Vista No. 58,39
Mountainscapes,"Palisades Reservoir, ID",2025-09-27,Mountainscapes/Palisades-Idaho_20250927/dji_fly_20250927_075740_0014_1758997779304_photo.JPG,dji_fly_20250927_075740_0014_1758997779304_photo.JPG,12288,6912,84.9,landscape,33.6,,Palisades Reservoir Mountain Vista No. 59,45
Mountainscapes,"Palisades Reservoir, ID",2025-09-27,Mountainscapes/Palisades-Idaho_20250927/dji_fly_20250927_075806_0015_1758997780864_photo.JPG,dji_fly_20250927_075806_0015_1758997780864_photo.JPG,12288,6912,84.9,landscape,13.8,,Palisades Reservoir Mountain Vista No. 60,45
Mountainscapes,"Palisades Reservoir, ID",2025-09-27,Mountainscapes/Palisades-Idaho_20250927/dji_fly_20250927_075818_0016_1758997782464_photo.JPG,dji_fly_20250927_075818_0016_1758997782464_photo.JPG,12288,6912,84.9,landscape,15.1,,Palisades Reservoir Mountain Vista No. 61,45
Mountainscapes,"Palisades Reservoir, ID",2025-09-27,Mountainscapes/Palisades-Idaho_20250927/dji_fly_20250927_090836_0018_1758997797793_photo.JPG,dji_fly_20250927_090836_0018_1758997797793_photo.JPG,12288,6912,84.9,landscape,37.0,,Palisades Reservoir Mountain Vista No. 62,45
Mountainscapes,"Palisades Reservoir, ID",2025-09-27,Mountainscapes/Palisades-Idaho_20250927/dji_fly_20250927_090912_0019_1758997720151_photo.JPG,dji_fly_20250927_090912_0019_1758997720151_photo.JPG,8192,6144,50.3,landscape,14.4,,Palisades Reservoir Mountain Vista No. 63,39
Mountainscapes,"Palisades Reservoir, ID",2025-09-27,Mountainscapes/Palisades-Idaho_20250927/dji_fly_20250927_094322_0021_1758997773888_photo.JPG,dji_fly_20250927_094322_0021_1758997773888_photo.JPG,12288,6912,84.9,landscape,47.1,,Palisades Reservoir Mountain Vista No. 64,45
Mountainscapes,"Palisades Reservoir, ID",2025-09-27,Mountainscapes/Palisades-Idaho_20250927/dji_fly_20250927_094402_0022_1758997775779_photo.JPG,dji_fly_20250927_094402_0022_1758997775779_photo.JPG,12288,6912,84.9,landscape,46.9,,Palisades Reservoir Mountain Vista No. 65,45
Mountainscapes,"Palisades Reservoir, ID",2025-09-27,Mountainscapes/Palisades-Idaho_20250927/dji_fly_20250927_094436_0023_1758997777818_photo.JPG,dji_fly_20250927_094436_0023_1758997777818_photo.JPG,12288,6912,84.9,landscape,53.6,,Palisades Reservoir Mountain Vista No. 66,45
Mountainscapes,"Palisades Reservoir, ID",2025-09-27,Mountainscapes/Palisades-Idaho_20250927/dji_fly_20250927_094454_0024_1758997645241_photo.JPG,dji_fly_20250927_094454_0024_1758997645241_photo.JPG,12288,6912,84.9,landscape,51.4,,Palisades Reservoir Mountain Vista No. 67,45
Mountainscapes,"Palisades Reservoir, ID",2025-09-27,Mountainscapes/Palisades-Idaho_20250927/dji_fly_20250927_094738_0026_1758997717275_photo.JPG,dji_fly_20250927_094738_0026_1758997717275_photo.JPG,8064,6048,48.8,landscape,21.4,,Palisades Reservoir Mountain Vista No. 68,39
Mountainscapes,"Palisades Reservoir, ID",2025-09-27,Mountainscapes/Palisades-Idaho_20250927/dji_fly_20250927_094806_0028_1758997718247_photo.JPG,dji_fly_20250927_094806_0028_1758997718247_photo.JPG,8064,6048,48.8,landscape,24.0,,Palisades Reservoir Mountain Vista No. 69,39
Mountainscapes,"Palisades Reservoir, ID",2025-09-27,Mountainscapes/Palisades-Idaho_20250927/dji_fly_20250927_094834_0029_1758997719227_photo.JPG,dji_fly_20250927_094834_0029_1758997719227_photo.JPG,8064,6048,48.8,landscape,23.6,,Palisades Reservoir Mountain Vista No. 70,39
Mountainscapes,"Palisades Reservoir, ID",2025-09-27,Mountainscapes/Palisades-Idaho_20250927/dji_fly_20250927_094906_0030_1758997637756_photo.JPG,dji_fly_20250927_094906_0030_1758997637756_photo.JPG,8192,6144,50.3,landscape,28.8,,Palisades Reservoir Mountain Vista No. 71,39
Mountainscapes,"Palisades Reservoir, ID",2025-09-27,Mountainscapes/Palisades-Idaho_20250927/dji_fly_20250927_094944_0031_1758997639736_photo.JPG,dji_fly_20250927_094944_0031_1758997639736_photo.JPG,12288,6912,84.9,landscape,51.8,,Palisades Reservoir Mountain Vista No. 72,45
Mountainscapes,"Palisades Reservoir, ID",2025-09-27,Mountainscapes/Palisades-Idaho_20250927/dji_fly_20250927_095030_0032_1758997641422_photo.JPG,dji_fly_20250927_095030_0032_1758997641422_photo.JPG,12288,6912,84.9,landscape,38.8,,Palisades Reservoir Mountain Vista No. 73,45
Mountainscapes,"Palisades Reservoir, ID",2025-09-27,Mountainscapes/Palisades-Idaho_20250927/dji_fly_20250927_095210_0033_1758997642386_photo.JPG,dji_fly_20250927_095210_0033_1758997642386_photo.JPG,8192,6144,50.3,landscape,22.1,,Palisades Reservoir Mountain Vista No. 74,39
Mountainscapes,"Palisades Reservoir, ID",2025-09-27,Mountainscapes/Palisades-Idaho_20250927/dji_fly_20250927_095234_0034_1758997643399_photo.JPG,dji_fly_20250927_095234_0034_1758997643399_photo.JPG,8064,6048,48.8,landscape,22.1,,Palisades Reservoir Mountain Vista No. 75,39
Mountainscapes,"Palisades Reservoir, ID",2025-09-27,Mountainscapes/Palisades-Idaho_20250927/dji_fly_20250927_100520_0035_1758997630831_photo.JPG,dji_fly_20250927_100520_0035_1758997630831_photo.JPG,12288,6912,84.9,landscape,35.5,,Palisades Reservoir Mountain Vista No. 76,45
Mountainscapes,"Palisades Reservoir, ID",2025-09-27,Mountainscapes/Palisades-Idaho_20250927/dji_fly_20250927_100532_0036_1758997632419_photo.JPG,dji_fly_20250927_100532_0036_1758997632419_photo.JPG,12288,6912,84.9,landscape,31.6,,Palisades Reservoir Mountain Vista No. 77,45
Mountainscapes,"Palisades Reservoir, ID",2025-09-27,Mountainscapes/Palisades-Idaho_20250927/dji_fly_20250927_100546_0037_1758997633933_photo.JPG,dji_fly_20250927_100546_0037_1758997633933_photo.JPG,12288,6912,84.9,landscape,28.8,,Palisades Reservoir Mountain Vista No. 78,45
Mountainscapes,"Palisades Reservoir, ID",2025-09-27,Mountainscapes/Palisades-Idaho_20250927/dji_fly_20250927_100628_0038_1758997635175_photo.JPG,dji_fly_20250927_100628_0038_1758997635175_photo.JPG,8064,6048,48.8,landscape,28.7,,Palisades Reservoir Mountain Vista No. 79,39
Mountainscapes,"Palisades Reservoir, ID",2025-09-27,Mountainscapes/Palisades-Idaho_20250927/dji_fly_20250927_100640_0039_1758997636407_photo.JPG,dji_fly_20250927_100640_0039_1758997636407_photo.JPG,8064,6048,48.8,landscape,28.9,,Palisades Reservoir Mountain Vista No. 80,39
Mountainscapes,"Palisades Reservoir, ID",2025-09-27,Mountainscapes/Palisades-Idaho_20250927/dji_fly_20250927_100742_0040_1758997629309_photo.JPG,dji_fly_20250927_100742_0040_1758997629309_photo.JPG,12288,6912,84.9,landscape,30.6,,Palisades Reservoir Mountain Vista No. 81,45
Mountainscapes,"Palisades Reservoir, ID",2025-09-27,Mountainscapes/Palisades-Idaho_20250927/dji_fly_20250927_101932_0041_1758997628100_photo.JPG,dji_fly_20250927_101932_0041_1758997628100_photo.JPG,8192,6144,50.3,landscape,21.8,,Palisades Reservoir Mountain Vista No. 82,39
Mountainscapes,"Palisades Reservoir, ID",2025-09-27,Mountainscapes/Palisades-Idaho_20250927/dji_fly_20250927_102114_0042_1758997627195_photo.JPG,dji_fly_20250927_102114_0042_1758997627195_photo.JPG,12288,6912,84.9,landscape,40.9,,Palisades Reservoir Mountain Vista No. 83,45
Mountainscapes,"Palisades Reservoir, ID",2025-09-27,Mountainscapes/Palisades-Idaho_20250927/dji_fly_20250927_102150_0043_1758997625541_photo.JPG,dji_fly_20250927_102150_0043_1758997625541_photo.JPG,12288,6912,84.9,landscape,41.6,,Palisades Reservoir Mountain Vista No. 84,45
