n,slug,draft_title,price_usd,location,category,megapixels,preview_rel,master_rel
1,001-city-idaho-falls,Idaho Falls Aerial View No. 01,29,"Idaho Falls, ID",Cityscapes,36.6,previews/001-city-idaho-falls.jpg,masters_clean/001-city-idaho-falls.jpg
2,002-city-idaho-falls,Idaho Falls Aerial View No. 02,29,"Idaho Falls, ID",Cityscapes,36.6,previews/002-city-idaho-falls.jpg,masters_clean/002-city-idaho-falls.jpg
3,003-city-idaho-falls,Idaho Falls Aerial View No. 03,29,"Idaho Falls, ID",Cityscapes,36.6,previews/003-city-idaho-falls.jpg,masters_clean/003-city-idaho-falls.jpg
4,004-city-idaho-falls,Idaho Falls Aerial View No. 04,29,"Idaho Falls, ID",Cityscapes,36.6,previews/004-city-idaho-falls.jpg,masters_clean/004-city-idaho-falls.jpg
5,005-city-idaho-falls,Idaho Falls Aerial View No. 05,29,"Idaho Falls, ID",Cityscapes,36.6,previews/005-city-idaho-falls.jpg,masters_clean/005-city-idaho-falls.jpg
6,006-city-idaho-falls,Idaho Falls Aerial View No. 06,29,"Idaho Falls, ID",Cityscapes,36.6,previews/006-city-idaho-falls.jpg,masters_clean/006-city-idaho-falls.jpg
7,007-city-idaho-falls,Idaho Falls Aerial View No. 07,29,"Idaho Falls, ID",Cityscapes,36.6,previews/007-city-idaho-falls.jpg,masters_clean/007-city-idaho-falls.jpg
8,008-city-idaho-falls,Idaho Falls Aerial View No. 08,29,"Idaho Falls, ID",Cityscapes,36.6,previews/008-city-idaho-falls.jpg,masters_clean/008-city-idaho-falls.jpg
9,009-city-idaho-falls,Idaho Falls Aerial View No. 09,29,"Idaho Falls, ID",Cityscapes,36.6,previews/009-city-idaho-falls.jpg,masters_clean/009-city-idaho-falls.jpg
10,010-city-idaho-falls,Idaho Falls Aerial View No. 10,29,"Idaho Falls, ID",Cityscapes,36.6,previews/010-city-idaho-falls.jpg,masters_clean/010-city-idaho-falls.jpg
11,011-city-pocatello,Pocatello Aerial View No. 01,29,"Pocatello, ID",Cityscapes,36.6,previews/011-city-pocatello.jpg,masters_clean/011-city-pocatello.jpg
12,012-city-pocatello,Pocatello Aerial View No. 02,29,"Pocatello, ID",Cityscapes,36.6,previews/012-city-pocatello.jpg,masters_clean/012-city-pocatello.jpg
13,013-city-pocatello,Pocatello Aerial View No. 03,29,"Pocatello, ID",Cityscapes,36.6,previews/013-city-pocatello.jpg,masters_clean/013-city-pocatello.jpg
14,014-city-pocatello,Pocatello Aerial View No. 04,29,"Pocatello, ID",Cityscapes,36.6,previews/014-city-pocatello.jpg,masters_clean/014-city-pocatello.jpg
15,015-city-pocatello,Pocatello Aerial View No. 05,29,"Pocatello, ID",Cityscapes,36.6,previews/015-city-pocatello.jpg,masters_clean/015-city-pocatello.jpg
16,016-city-pocatello,Pocatello Aerial View No. 06,29,"Pocatello, ID",Cityscapes,36.6,previews/016-city-pocatello.jpg,masters_clean/016-city-pocatello.jpg
17,017-city-pocatello,Pocatello Aerial View No. 07,29,"Pocatello, ID",Cityscapes,36.6,previews/017-city-pocatello.jpg,masters_clean/017-city-pocatello.jpg
18,018-city-pocatello,Pocatello Aerial View No. 08,29,"Pocatello, ID",Cityscapes,36.6,previews/018-city-pocatello.jpg,masters_clean/018-city-pocatello.jpg
19,019-city-pocatello,Pocatello Aerial View No. 09,29,"Pocatello, ID",Cityscapes,36.6,previews/019-city-pocatello.jpg,masters_clean/019-city-pocatello.jpg
20,020-city-pocatello,Pocatello Aerial View No. 10,29,"Pocatello, ID",Cityscapes,36.6,previews/020-city-pocatello.jpg,masters_clean/020-city-pocatello.jpg
21,021-city-pocatello,Pocatello Aerial View No. 11,29,"Pocatello, ID",Cityscapes,36.6,previews/021-city-pocatello.jpg,masters_clean/021-city-pocatello.jpg
22,022-city-pocatello,Pocatello Aerial View No. 12,29,"Pocatello, ID",Cityscapes,36.6,previews/022-city-pocatello.jpg,masters_clean/022-city-pocatello.jpg
23,023-city-pocatello,Pocatello Aerial View No. 13,29,"Pocatello, ID",Cityscapes,36.6,previews/023-city-pocatello.jpg,masters_clean/023-city-pocatello.jpg
24,024-city-pocatello,Pocatello Aerial View No. 14,29,"Pocatello, ID",Cityscapes,36.6,previews/024-city-pocatello.jpg,masters_clean/024-city-pocatello.jpg
25,025-city-pocatello,Pocatello Aerial View No. 15,29,"Pocatello, ID",Cityscapes,36.6,previews/025-city-pocatello.jpg,masters_clean/025-city-pocatello.jpg
26,026-city-pocatello,Pocatello Aerial View No. 16,29,"Pocatello, ID",Cityscapes,36.6,previews/026-city-pocatello.jpg,masters_clean/026-city-pocatello.jpg
27,027-city-pocatello,Pocatello Aerial View No. 17,29,"Pocatello, ID",Cityscapes,36.6,previews/027-city-pocatello.jpg,masters_clean/027-city-pocatello.jpg
28,028-city-pocatello,Pocatello Aerial View No. 18,29,"Pocatello, ID",Cityscapes,36.6,previews/028-city-pocatello.jpg,masters_clean/028-city-pocatello.jpg
29,029-city-pocatello,Pocatello Aerial View No. 19,29,"Pocatello, ID",Cityscapes,36.6,previews/029-city-pocatello.jpg,masters_clean/029-city-pocatello.jpg
30,030-city-pocatello,Pocatello Aerial View No. 20,29,"Pocatello, ID",Cityscapes,36.6,previews/030-city-pocatello.jpg,masters_clean/030-city-pocatello.jpg
31,031-city-kaysville,Kaysville Aerial View No. 01,29,"Kaysville, UT",Cityscapes,36.6,previews/031-city-kaysville.jpg,masters_clean/031-city-kaysville.jpg
32,032-city-kaysville,Kaysville Aerial View No. 02,29,"Kaysville, UT",Cityscapes,36.6,previews/032-city-kaysville.jpg,masters_clean/032-city-kaysville.jpg
33,033-city-kaysville,Kaysville Aerial View No. 03,29,"Kaysville, UT",Cityscapes,36.6,previews/033-city-kaysville.jpg,masters_clean/033-city-kaysville.jpg
34,034-city-kaysville,Kaysville Aerial View No. 04,29,"Kaysville, UT",Cityscapes,36.6,previews/034-city-kaysville.jpg,masters_clean/034-city-kaysville.jpg
35,035-city-kaysville,Kaysville Aerial View No. 05,29,"Kaysville, UT",Cityscapes,36.6,previews/035-city-kaysville.jpg,masters_clean/035-city-kaysville.jpg
36,036-city-soda-springs,Soda Springs Aerial View No. 01,29,"Soda Springs, ID",Cityscapes,36.6,previews/036-city-soda-springs.jpg,masters_clean/036-city-soda-springs.jpg
37,037-city-soda-springs,Soda Springs Aerial View No. 02,29,"Soda Springs, ID",Cityscapes,36.6,previews/037-city-soda-springs.jpg,masters_clean/037-city-soda-springs.jpg
38,038-city-soda-springs,Soda Springs Aerial View No. 03,29,"Soda Springs, ID",Cityscapes,36.6,previews/038-city-soda-springs.jpg,masters_clean/038-city-soda-springs.jpg
39,039-city-soda-springs,Soda Springs Aerial View No. 04,29,"Soda Springs, ID",Cityscapes,36.6,previews/039-city-soda-springs.jpg,masters_clean/039-city-soda-springs.jpg
40,040-moun-palisades-reservoir,Palisades Reservoir Mountain Vista No. 01,45,"Palisades Reservoir, ID",Mountainscapes,84.9,previews/040-moun-palisades-reservoir.jpg,masters_clean/040-moun-palisades-reservoir.jpg
41,041-moun-palisades-reservoir,Palisades Reservoir Mountain Vista No. 02,45,"Palisades Reservoir, ID",Mountainscapes,84.9,previews/041-moun-palisades-reservoir.jpg,masters_clean/041-moun-palisades-reservoir.jpg
42,042-moun-palisades-reservoir,Palisades Reservoir Mountain Vista No. 03,45,"Palisades Reservoir, ID",Mountainscapes,84.9,previews/042-moun-palisades-reservoir.jpg,masters_clean/042-moun-palisades-reservoir.jpg
43,043-moun-palisades-reservoir,Palisades Reservoir Mountain Vista No. 04,45,"Palisades Reservoir, ID",Mountainscapes,84.9,previews/043-moun-palisades-reservoir.jpg,masters_clean/043-moun-palisades-reservoir.jpg
44,044-moun-palisades-reservoir,Palisades Reservoir Mountain Vista No. 05,45,"Palisades Reservoir, ID",Mountainscapes,84.9,previews/044-moun-palisades-reservoir.jpg,masters_clean/044-moun-palisades-reservoir.jpg
45,045-moun-palisades-reservoir,Palisades Reservoir Mountain Vista No. 06,45,"Palisades Reservoir, ID",Mountainscapes,84.9,previews/045-moun-palisades-reservoir.jpg,masters_clean/045-moun-palisades-reservoir.jpg
46,046-moun-palisades-reservoir,Palisades Reservoir Mountain Vista No. 07,45,"Palisades Reservoir, ID",Mountainscapes,84.9,previews/046-moun-palisades-reservoir.jpg,masters_clean/046-moun-palisades-reservoir.jpg
47,047-moun-palisades-reservoir,Palisades Reservoir Mountain Vista No. 08,39,"Palisades Reservoir, ID",Mountainscapes,48.8,previews/047-moun-palisades-reservoir.jpg,masters_clean/047-moun-palisades-reservoir.jpg
48,048-moun-palisades-reservoir,Palisades Reservoir Mountain Vista No. 09,39,"Palisades Reservoir, ID",Mountainscapes,50.3,previews/048-moun-palisades-reservoir.jpg,masters_clean/048-moun-palisades-reservoir.jpg
49,049-moun-palisades-reservoir,Palisades Reservoir Mountain Vista No. 10,39,"Palisades Reservoir, ID",Mountainscapes,50.3,previews/049-moun-palisades-reservoir.jpg,masters_clean/049-moun-palisades-reservoir.jpg
50,050-moun-palisades-reservoir,Palisades Reservoir Mountain Vista No. 11,39,"Palisades Reservoir, ID",Mountainscapes,50.3,previews/050-moun-palisades-reservoir.jpg,masters_clean/050-moun-palisades-reservoir.jpg
51,051-moun-palisades-reservoir,Palisades Reservoir Mountain Vista No. 12,39,"Palisades Reservoir, ID",Mountainscapes,50.3,previews/051-moun-palisades-reservoir.jpg,masters_clean/051-moun-palisades-reservoir.jpg
52,052-moun-palisades-reservoir,Palisades Reservoir Mountain Vista No. 13,45,"Palisades Reservoir, ID",Mountainscapes,84.9,previews/052-moun-palisades-reservoir.jpg,masters_clean/052-moun-palisades-reservoir.jpg
53,053-moun-palisades-reservoir,Palisades Reservoir Mountain Vista No. 14,45,"Palisades Reservoir, ID",Mountainscapes,84.9,previews/053-moun-palisades-reservoir.jpg,masters_clean/053-moun-palisades-reservoir.jpg
54,054-moun-palisades-reservoir,Palisades Reservoir Mountain Vista No. 15,45,"Palisades Reservoir, ID",Mountainscapes,84.9,previews/054-moun-palisades-reservoir.jpg,masters_clean/054-moun-palisades-reservoir.jpg
55,055-moun-palisades-reservoir,Palisades Reservoir Mountain Vista No. 16,45,"Palisades Reservoir, ID",Mountainscapes,84.9,previews/055-moun-palisades-reservoir.jpg,masters_clean/055-moun-palisades-reservoir.jpg
56,056-moun-palisades-reservoir,Palisades Reservoir Mountain Vista No. 17,39,"Palisades Reservoir, ID",Mountainscapes,50.3,previews/056-moun-palisades-reservoir.jpg,masters_clean/056-moun-palisades-reservoir.jpg
57,057-moun-palisades-reservoir,Palisades Reservoir Mountain Vista No. 18,45,"Palisades Reservoir, ID",Mountainscapes,84.9,previews/057-moun-palisades-reservoir.jpg,masters_clean/057-moun-palisades-reservoir.jpg
58,058-moun-palisades-reservoir,Palisades Reservoir Mountain Vista No. 19,45,"Palisades Reservoir, ID",Mountainscapes,84.9,previews/058-moun-palisades-reservoir.jpg,masters_clean/058-moun-palisades-reservoir.jpg
59,059-moun-palisades-reservoir,Palisades Reservoir Mountain Vista No. 20,45,"Palisades Reservoir, ID",Mountainscapes,84.9,previews/059-moun-palisades-reservoir.jpg,masters_clean/059-moun-palisades-reservoir.jpg
60,060-moun-palisades-reservoir,Palisades Reservoir Mountain Vista No. 21,45,"Palisades Reservoir, ID",Mountainscapes,84.9,previews/060-moun-palisades-reservoir.jpg,masters_clean/060-moun-palisades-reservoir.jpg
61,061-moun-palisades-reservoir,Palisades Reservoir Mountain Vista No. 22,39,"Palisades Reservoir, ID",Mountainscapes,48.8,previews/061-moun-palisades-reservoir.jpg,masters_clean/061-moun-palisades-reservoir.jpg
62,062-moun-palisades-reservoir,Palisades Reservoir Mountain Vista No. 23,39,"Palisades Reservoir, ID",Mountainscapes,48.8,previews/062-moun-palisades-reservoir.jpg,masters_clean/062-moun-palisades-reservoir.jpg
63,063-moun-palisades-reservoir,Palisades Reservoir Mountain Vista No. 24,39,"Palisades Reservoir, ID",Mountainscapes,48.8,previews/063-moun-palisades-reservoir.jpg,masters_clean/063-moun-palisades-reservoir.jpg
64,064-moun-palisades-reservoir,Palisades Reservoir Mountain Vista No. 25,39,"Palisades Reservoir, ID",Mountainscapes,48.8,previews/064-moun-palisades-reservoir.jpg,masters_clean/064-moun-palisades-reservoir.jpg
65,065-moun-palisades-reservoir,Palisades Reservoir Mountain Vista No. 26,39,"Palisades Reservoir, ID",Mountainscapes,50.3,previews/065-moun-palisades-reservoir.jpg,masters_clean/065-moun-palisades-reservoir.jpg
66,066-moun-palisades-reservoir,Palisades Reservoir Mountain Vista No. 27,45,"Palisades Reservoir, ID",Mountainscapes,84.9,previews/066-moun-palisades-reservoir.jpg,masters_clean/066-moun-palisades-reservoir.jpg
67,067-moun-palisades-reservoir,Palisades Reservoir Mountain Vista No. 28,45,"Palisades Reservoir, ID",Mountainscapes,84.9,previews/067-moun-palisades-reservoir.jpg,masters_clean/067-moun-palisades-reservoir.jpg
68,068-moun-palisades-reservoir,Palisades Reservoir Mountain Vista No. 29,39,"Palisades Reservoir, ID",Mountainscapes,50.3,previews/068-moun-palisades-reservoir.jpg,masters_clean/068-moun-palisades-reservoir.jpg
69,069-moun-palisades-reservoir,Palisades Reservoir Mountain Vista No. 30,39,"Palisades Reservoir, ID",Mountainscapes,48.8,previews/069-moun-palisades-reservoir.jpg,masters_clean/069-moun-palisades-reservoir.jpg
70,070-moun-palisades-reservoir,Palisades Reservoir Mountain Vista No. 31,45,"Palisades Reservoir, ID",Mountainscapes,84.9,previews/070-moun-palisades-reservoir.jpg,masters_clean/070-moun-palisades-reservoir.jpg
71,071-moun-palisades-reservoir,Palisades Reservoir Mountain Vista No. 32,45,"Palisades Reservoir, ID",Mountainscapes,84.9,previews/071-moun-palisades-reservoir.jpg,masters_clean/071-moun-palisades-reservoir.jpg
72,072-moun-palisades-reservoir,Palisades Reservoir Mountain Vista No. 33,45,"Palisades Reservoir, ID",Mountainscapes,84.9,previews/072-moun-palisades-reservoir.jpg,masters_clean/072-moun-palisades-reservoir.jpg
73,073-moun-palisades-reservoir,Palisades Reservoir Mountain Vista No. 34,39,"Palisades Reservoir, ID",Mountainscapes,48.8,previews/073-moun-palisades-reservoir.jpg,masters_clean/073-moun-palisades-reservoir.jpg
74,074-moun-palisades-reservoir,Palisades Reservoir Mountain Vista No. 35,39,"Palisades Reservoir, ID",Mountainscapes,48.8,previews/074-moun-palisades-reservoir.jpg,masters_clean/074-moun-palisades-reservoir.jpg
75,075-moun-palisades-reservoir,Palisades Reservoir Mountain Vista No. 36,45,"Palisades Reservoir, ID",Mountainscapes,84.9,previews/075-moun-palisades-reservoir.jpg,masters_clean/075-moun-palisades-reservoir.jpg
76,076-moun-palisades-reservoir,Palisades Reservoir Mountain Vista No. 37,39,"Palisades Reservoir, ID",Mountainscapes,50.3,previews/076-moun-palisades-reservoir.jpg,masters_clean/076-moun-palisades-reservoir.jpg
77,077-moun-palisades-reservoir,Palisades Reservoir Mountain Vista No. 38,45,"Palisades Reservoir, ID",Mountainscapes,84.9,previews/077-moun-palisades-reservoir.jpg,masters_clean/077-moun-palisades-reservoir.jpg
78,078-moun-palisades-reservoir,Palisades Reservoir Mountain Vista No. 39,45,"Palisades Reservoir, ID",Mountainscapes,84.9,previews/078-moun-palisades-reservoir.jpg,masters_clean/078-moun-palisades-reservoir.jpg
79,079-moun-palisades-reservoir,Palisades Reservoir Mountain Vista No. 40,45,"Palisades Reservoir, ID",Mountainscapes,84.9,previews/079-moun-palisades-reservoir.jpg,masters_clean/079-moun-palisades-reservoir.jpg
80,080-moun-palisades-reservoir,Palisades Reservoir Mountain Vista No. 41,45,"Palisades Reservoir, ID",Mountainscapes,84.9,previews/080-moun-palisades-reservoir.jpg,masters_clean/080-moun-palisades-reservoir.jpg
81,081-moun-palisades-reservoir,Palisades Reservoir Mountain Vista No. 42,45,"Palisades Reservoir, ID",Mountainscapes,84.9,previews/081-moun-palisades-reservoir.jpg,masters_clean/081-moun-palisades-reservoir.jpg
82,082-moun-palisades-reservoir,Palisades Reservoir Mountain Vista No. 43,39,"Palisades Reservoir, ID",Mountainscapes,48.8,previews/082-moun-palisades-reservoir.jpg,masters_clean/082-moun-palisades-reservoir.jpg
83,083-moun-palisades-reservoir,Palisades Reservoir Mountain Vista No. 44,45,"Palisades Reservoir, ID",Mountainscapes,84.9,previews/083-moun-palisades-reservoir.jpg,masters_clean/083-moun-palisades-reservoir.jpg
84,084-moun-palisades-reservoir,Palisades Reservoir Mountain Vista No. 45,45,"Palisades Reservoir, ID",Mountainscapes,84.9,previews/084-moun-palisades-reservoir.jpg,masters_clean/084-moun-palisades-reservoir.jpg
85,085-moun-palisades-reservoir,Palisades Reservoir Mountain Vista No. 46,45,"Palisades Reservoir, ID",Mountainscapes,84.9,previews/085-moun-palisades-reservoir.jpg,masters_clean/085-moun-palisades-reservoir.jpg
86,086-moun-palisades-reservoir,Palisades Reservoir Mountain Vista No. 47,45,"Palisades Reservoir, ID",Mountainscapes,84.9,previews/086-moun-palisades-reservoir.jpg,masters_clean/086-moun-palisades-reservoir.jpg
87,087-moun-palisades-reservoir,Palisades Reservoir Mountain Vista No. 48,45,"Palisades Reservoir, ID",Mountainscapes,84.9,previews/087-moun-palisades-reservoir.jpg,masters_clean/087-moun-palisades-reservoir.jpg
88,088-moun-palisades-reservoir,Palisades Reservoir Mountain Vista No. 49,45,"Palisades Reservoir, ID",Mountainscapes,84.9,previews/088-moun-palisades-reservoir.jpg,masters_clean/088-moun-palisades-reservoir.jpg
89,089-moun-palisades-reservoir,Palisades Reservoir Mountain Vista No. 50,45,"Palisades Reservoir, ID",Mountainscapes,84.9,previews/089-moun-palisades-reservoir.jpg,masters_clean/089-moun-palisades-reservoir.jpg
90,090-moun-palisades-reservoir,Palisades Reservoir Mountain Vista No. 51,45,"Palisades Reservoir, ID",Mountainscapes,84.9,previews/090-moun-palisades-reservoir.jpg,masters_clean/090-moun-palisades-reservoir.jpg
91,091-moun-palisades-reservoir,Palisades Reservoir Mountain Vista No. 52,45,"Palisades Reservoir, ID",Mountainscapes,84.9,previews/091-moun-palisades-reservoir.jpg,masters_clean/091-moun-palisades-reservoir.jpg
92,092-moun-palisades-reservoir,Palisades Reservoir Mountain Vista No. 53,45,"Palisades Reservoir, ID",Mountainscapes,84.9,previews/092-moun-palisades-reservoir.jpg,masters_clean/092-moun-palisades-reservoir.jpg
93,093-moun-palisades-reservoir,Palisades Reservoir Mountain Vista No. 54,39,"Palisades Reservoir, ID",Mountainscapes,48.8,previews/093-moun-palisades-reservoir.jpg,masters_clean/093-moun-palisades-reservoir.jpg
94,094-moun-palisades-reservoir,Palisades Reservoir Mountain Vista No. 55,39,"Palisades Reservoir, ID",Mountainscapes,50.3,previews/094-moun-palisades-reservoir.jpg,masters_clean/094-moun-palisades-reservoir.jpg
95,095-moun-palisades-reservoir,Palisades Reservoir Mountain Vista No. 56,39,"Palisades Reservoir, ID",Mountainscapes,50.3,previews/095-moun-palisades-reservoir.jpg,masters_clean/095-moun-palisades-reservoir.jpg
96,096-moun-palisades-reservoir,Palisades Reservoir Mountain Vista No. 57,39,"Palisades Reservoir, ID",Mountainscapes,50.3,previews/096-moun-palisades-reservoir.jpg,masters_clean/096-moun-palisades-reservoir.jpg
97,097-moun-palisades-reservoir,Palisades Reservoir Mountain Vista No. 58,39,"Palisades Reservoir, ID",Mountainscapes,50.3,previews/097-moun-palisades-reservoir.jpg,masters_clean/097-moun-palisades-reservoir.jpg
98,098-moun-palisades-reservoir,Palisades Reservoir Mountain Vista No. 59,45,"Palisades Reservoir, ID",Mountainscapes,84.9,previews/098-moun-palisades-reservoir.jpg,masters_clean/098-moun-palisades-reservoir.jpg
99,099-moun-palisades-reservoir,Palisades Reservoir Mountain Vista No. 60,45,"Palisades Reservoir, ID",Mountainscapes,84.9,previews/099-moun-palisades-reservoir.jpg,masters_clean/099-moun-palisades-reservoir.jpg
100,100-moun-palisades-reservoir,Palisades Reservoir Mountain Vista No. 61,45,"Palisades Reservoir, ID",Mountainscapes,84.9,previews/100-moun-palisades-reservoir.jpg,masters_clean/100-moun-palisades-reservoir.jpg
101,101-moun-palisades-reservoir,Palisades Reservoir Mountain Vista No. 62,45,"Palisades Reservoir, ID",Mountainscapes,84.9,previews/101-moun-palisades-reservoir.jpg,masters_clean/101-moun-palisades-reservoir.jpg
102,102-moun-palisades-reservoir,Palisades Reservoir Mountain Vista No. 63,39,"Palisades Reservoir, ID",Mountainscapes,50.3,previews/102-moun-palisades-reservoir.jpg,masters_clean/102-moun-palisades-reservoir.jpg
103,103-moun-palisades-reservoir,Palisades Reservoir Mountain Vista No. 64,45,"Palisades Reservoir, ID",Mountainscapes,84.9,previews/103-moun-palisades-reservoir.jpg,masters_clean/103-moun-palisades-reservoir.jpg
104,104-moun-palisades-reservoir,Palisades Reservoir Mountain Vista No. 65,45,"Palisades Reservoir, ID",Mountainscapes,84.9,previews/104-moun-palisades-reservoir.jpg,masters_clean/104-moun-palisades-reservoir.jpg
105,105-moun-palisades-reservoir,Palisades Reservoir Mountain Vista No. 66,45,"Palisades Reservoir, ID",Mountainscapes,84.9,previews/105-moun-palisades-reservoir.jpg,masters_clean/105-moun-palisades-reservoir.jpg
106,106-moun-palisades-reservoir,Palisades Reservoir Mountain Vista No. 67,45,"Palisades Reservoir, ID",Mountainscapes,84.9,previews/106-moun-palisades-reservoir.jpg,masters_clean/106-moun-palisades-reservoir.jpg
107,107-moun-palisades-reservoir,Palisades Reservoir Mountain Vista No. 68,39,"Palisades Reservoir, ID",Mountainscapes,48.8,previews/107-moun-palisades-reservoir.jpg,masters_clean/107-moun-palisades-reservoir.jpg
108,108-moun-palisades-reservoir,Palisades Reservoir Mountain Vista No. 69,39,"Palisades Reservoir, ID",Mountainscapes,48.8,previews/108-moun-palisades-reservoir.jpg,masters_clean/108-moun-palisades-reservoir.jpg
109,109-moun-palisades-reservoir,Palisades Reservoir Mountain Vista No. 70,39,"Palisades Reservoir, ID",Mountainscapes,48.8,previews/109-moun-palisades-reservoir.jpg,masters_clean/109-moun-palisades-reservoir.jpg
110,110-moun-palisades-reservoir,Palisades Reservoir Mountain Vista No. 71,39,"Palisades Reservoir, ID",Mountainscapes,50.3,previews/110-moun-palisades-reservoir.jpg,masters_clean/110-moun-palisades-reservoir.jpg
111,111-moun-palisades-reservoir,Palisades Reservoir Mountain Vista No. 72,45,"Palisades Reservoir, ID",Mountainscapes,84.9,previews/111-moun-palisades-reservoir.jpg,masters_clean/111-moun-palisades-reservoir.jpg
112,112-moun-palisades-reservoir,Palisades Reservoir Mountain Vista No. 73,45,"Palisades Reservoir, ID",Mountainscapes,84.9,previews/112-moun-palisades-reservoir.jpg,masters_clean/112-moun-palisades-reservoir.jpg
113,113-moun-palisades-reservoir,Palisades Reservoir Mountain Vista No. 74,39,"Palisades Reservoir, ID",Mountainscapes,50.3,previews/113-moun-palisades-reservoir.jpg,masters_clean/113-moun-palisades-reservoir.jpg
114,114-moun-palisades-reservoir,Palisades Reservoir Mountain Vista No. 75,39,"Palisades Reservoir, ID",Mountainscapes,48.8,previews/114-moun-palisades-reservoir.jpg,masters_clean/114-moun-palisades-reservoir.jpg
115,115-moun-palisades-reservoir,Palisades Reservoir Mountain Vista No. 76,45,"Palisades Reservoir, ID",Mountainscapes,84.9,previews/115-moun-palisades-reservoir.jpg,masters_clean/115-moun-palisades-reservoir.jpg
116,116-moun-palisades-reservoir,Palisades Reservoir Mountain Vista No. 77,45,"Palisades Reservoir, ID",Mountainscapes,84.9,previews/116-moun-palisades-reservoir.jpg,masters_clean/116-moun-palisades-reservoir.jpg
117,117-moun-palisades-reservoir,Palisades Reservoir Mountain Vista No. 78,45,"Palisades Reservoir, ID",Mountainscapes,84.9,previews/117-moun-palisades-reservoir.jpg,masters_clean/117-moun-palisades-reservoir.jpg
118,118-moun-palisades-reservoir,Palisades Reservoir Mountain Vista No. 79,39,"Palisades Reservoir, ID",Mountainscapes,48.8,previews/118-moun-palisades-reservoir.jpg,masters_clean/118-moun-palisades-reservoir.jpg
119,119-moun-palisades-reservoir,Palisades Reservoir Mountain Vista No. 80,39,"Palisades Reservoir, ID",Mountainscapes,48.8,previews/119-moun-palisades-reservoir.jpg,masters_clean/119-moun-palisades-reservoir.jpg
120,120-moun-palisades-reservoir,Palisades Reservoir Mountain Vista No. 81,45,"Palisades Reservoir, ID",Mountainscapes,84.9,previews/120-moun-palisades-reservoir.jpg,masters_clean/120-moun-palisades-reservoir.jpg
121,121-moun-palisades-reservoir,Palisades Reservoir Mountain Vista No. 82,39,"Palisades Reservoir, ID",Mountainscapes,50.3,previews/121-moun-palisades-reservoir.jpg,masters_clean/121-moun-palisades-reservoir.jpg
122,122-moun-palisades-reservoir,Palisades Reservoir Mountain Vista No. 83,45,"Palisades Reservoir, ID",Mountainscapes,84.9,previews/122-moun-palisades-reservoir.jpg,masters_clean/122-moun-palisades-reservoir.jpg
123,123-moun-palisades-reservoir,Palisades Reservoir Mountain Vista No. 84,45,"Palisades Reservoir, ID",Mountainscapes,84.9,previews/123-moun-palisades-reservoir.jpg,masters_clean/123-moun-palisades-reservoir.jpg
